{
  "timestamp": "2026-03-31T09:42:22",
  "calib": {
    "tl": [
      0.37620800733566284,
      0.11492232805622987
    ],
    "t": [
      0.48320919275283813,
      0.1170797175212453
    ],
    "tr": [
      0.5984417796134949,
      0.1039217740752788
    ],
    "l": [
      0.37248167395591736,
      0.19584997605911464
    ],
    "center": [
      0.481721967458725,
      0.20266140077752792
    ],
    "r": [
      0.5936606526374817,
      0.16371844417177445
    ],
    "bl": [
      0.3922635614871979,
      0.3574844022940604
    ],
    "b": [
      0.48476770520210266,
      0.4495928716813562
    ],
    "br": [
      0.5811874270439148,
      0.3961723280562299
    ]
  },
  "axis_flip": {
    "x": false,
    "y": false
  },
  "map_x": {
    "L": 0.37620800733566284,
    "C": 0.48320919275283813,
    "R": 0.5936606526374817
  },
  "map_y": {
    "T": 0.11492232805622987,
    "C": 0.19584997605911464,
    "B": 0.3961723280562299
  },
  "quality": {
    "tl": {
      "median_x": 0.37620800733566284,
      "median_y": 0.2416590303182602,
      "mad_x": 0.005327314138412476,
      "mad_y": 0.004831746220588684
    },
    "t": {
      "median_x": 0.48320919275283813,
      "median_y": 0.24310638010501862,
      "mad_x": 0.0022246241569519043,
      "mad_y": 0.0043786317110061646
    },
    "tr": {
      "median_x": 0.5984417796134949,
      "median_y": 0.23427897691726685,
      "mad_x": 0.0023410916328430176,
      "mad_y": 0.005126550793647766
    },
    "l": {
      "median_x": 0.37248167395591736,
      "median_y": 0.295951783657074,
      "mad_x": 0.001357942819595337,
      "mad_y": 0.004551619291305542
    },
    "center": {
      "median_x": 0.481721967458725,
      "median_y": 0.3005214333534241,
      "mad_x": 0.001982063055038452,
      "mad_y": 0.004461377859115601
    },
    "r": {
      "median_x": 0.5936606526374817,
      "median_y": 0.2743953764438629,
      "mad_x": 0.0021677613258361816,
      "mad_y": 0.007193505764007568
    },
    "bl": {
      "median_x": 0.3922635614871979,
      "median_y": 0.4043891131877899,
      "mad_x": 0.002062171697616577,
      "mad_y": 0.005564063787460327
    },
    "b": {
      "median_x": 0.48476770520210266,
      "median_y": 0.4661828577518463,
      "mad_x": 0.003316134214401245,
      "mad_y": 0.010250389575958252
    },
    "br": {
      "median_x": 0.5811874270439148,
      "median_y": 0.4303440749645233,
      "mad_x": 0.0023974180221557617,
      "mad_y": 0.007679998874664307
    }
  },
  "openness_comp": {
    "ref": 0.3793061988651377,
    "beta_y": 0.013754761006670271
  },
  "filter": {
    "min_cutoff": 0.8,
    "beta": 0.02,
    "d_cutoff": 1.0
  },
  "range": {
    "gx_min": 0.3462080073356628,
    "gx_max": 0.6284417796134949,
    "gy_min": 0.0739217740752788,
    "gy_max": 0.42617232805622995
  },
  "ml": {
    "ready": false,
    "user_id": null,
    "model_file": null,
    "feature_order": [
      "gx",
      "gy",
      "yaw",
      "pitch",
      "roll",
      "tz"
    ],
    "alpha": null,
    "version": 1
  }
}