{
  "timestamp": "2026-03-26T14:53:48",
  "calib": {
    "tl": [
      0.35074666142463684,
      0.17916269679423996
    ],
    "t": [
      0.4581160247325897,
      0.18792123584620413
    ],
    "tr": [
      0.5951998829841614,
      0.16995689399352687
    ],
    "l": [
      0.3563788831233978,
      0.22901920349167226
    ],
    "center": [
      0.44102588295936584,
      0.2886144262366867
    ],
    "r": [
      0.5842719078063965,
      0.20824038757836982
    ],
    "bl": [
      0.377959281206131,
      0.3386325456828989
    ],
    "b": [
      0.4574849307537079,
      0.4839394213828193
    ],
    "br": [
      0.573974072933197,
      0.46041269679424
    ]
  },
  "axis_flip": {
    "x": false,
    "y": false
  },
  "map_x": {
    "L": 0.3563788831233978,
    "C": 0.4574849307537079,
    "R": 0.5842719078063965
  },
  "map_y": {
    "T": 0.17916269679423996,
    "C": 0.22901920349167226,
    "B": 0.46041269679424
  },
  "quality": {
    "tl": {
      "median_x": 0.35074666142463684,
      "median_y": 0.2181711047887802,
      "mad_x": 0.003356426954269409,
      "mad_y": 0.008223921060562134
    },
    "t": {
      "median_x": 0.4581160247325897,
      "median_y": 0.22586475312709808,
      "mad_x": 0.0026712417602539062,
      "mad_y": 0.007142066955566406
    },
    "tr": {
      "median_x": 0.5951998829841614,
      "median_y": 0.21008457243442535,
      "mad_x": 0.0033464431762695312,
      "mad_y": 0.004934653639793396
    },
    "l": {
      "median_x": 0.3563788831233978,
      "median_y": 0.26196590065956116,
      "mad_x": 0.0021657049655914307,
      "mad_y": 0.0064106285572052
    },
    "center": {
      "median_x": 0.44102588295936584,
      "median_y": 0.3143153488636017,
      "mad_x": 0.001722782850265503,
      "mad_y": 0.00781676173210144
    },
    "r": {
      "median_x": 0.5842719078063965,
      "median_y": 0.24371343851089478,
      "mad_x": 0.004075169563293457,
      "mad_y": 0.007088810205459595
    },
    "bl": {
      "median_x": 0.377959281206131,
      "median_y": 0.3582521080970764,
      "mad_x": 0.002924799919128418,
      "mad_y": 0.007153898477554321
    },
    "b": {
      "median_x": 0.4574849307537079,
      "median_y": 0.485892117023468,
      "mad_x": 0.002981811761856079,
      "mad_y": 0.01313626766204834
    },
    "br": {
      "median_x": 0.573974072933197,
      "median_y": 0.46522584557533264,
      "mad_x": 0.002572298049926758,
      "mad_y": 0.008307129144668579
    }
  },
  "openness_comp": {
    "ref": 0.3408728436586698,
    "beta_y": 0.2288087885663336
  },
  "filter": {
    "min_cutoff": 0.8,
    "beta": 0.02,
    "d_cutoff": 1.0
  },
  "range": {
    "gx_min": 0.3207466614246368,
    "gx_max": 0.6251998829841614,
    "gy_min": 0.13995689399352687,
    "gy_max": 0.49041269679424004
  },
  "ml": {
    "ready": false,
    "user_id": null,
    "model_file": null,
    "feature_order": [
      "gx",
      "gy",
      "yaw",
      "pitch",
      "roll",
      "tz"
    ],
    "alpha": null,
    "version": 1
  }
}