{
  "timestamp": "2026-03-26T15:32:15",
  "calib": {
    "tl": [
      0.36769187450408936,
      0.23404190110143125
    ],
    "t": [
      0.4712359309196472,
      0.2616748360640402
    ],
    "tr": [
      0.6158955097198486,
      0.18693721523112877
    ],
    "l": [
      0.3720197081565857,
      0.28751043589515946
    ],
    "center": [
      0.4738551378250122,
      0.35543501305824177
    ],
    "r": [
      0.6154040098190308,
      0.31885099577428005
    ],
    "bl": [
      0.3978084325790405,
      0.488474375814825
    ],
    "b": [
      0.48562371730804443,
      0.5314793396655332
    ],
    "br": [
      0.5958284139633179,
      0.5152919011014312
    ]
  },
  "axis_flip": {
    "x": false,
    "y": false
  },
  "map_x": {
    "L": 0.3720197081565857,
    "C": 0.4738551378250122,
    "R": 0.6154040098190308
  },
  "map_y": {
    "T": 0.23404190110143125,
    "C": 0.31885099577428005,
    "B": 0.5152919011014312
  },
  "quality": {
    "tl": {
      "median_x": 0.36769187450408936,
      "median_y": 0.22208677232265472,
      "mad_x": 0.003314793109893799,
      "mad_y": 0.006362408399581909
    },
    "t": {
      "median_x": 0.4712359309196472,
      "median_y": 0.2509618401527405,
      "mad_x": 0.0024389326572418213,
      "mad_y": 0.0053504109382629395
    },
    "tr": {
      "median_x": 0.6158955097198486,
      "median_y": 0.17286467552185059,
      "mad_x": 0.0032936930656433105,
      "mad_y": 0.010668173432350159
    },
    "l": {
      "median_x": 0.3720197081565857,
      "median_y": 0.27795878052711487,
      "mad_x": 0.0027420222759246826,
      "mad_y": 0.007842153310775757
    },
    "center": {
      "median_x": 0.4738551378250122,
      "median_y": 0.34893664717674255,
      "mad_x": 0.00207403302192688,
      "mad_y": 0.005476504564285278
    },
    "r": {
      "median_x": 0.6154040098190308,
      "median_y": 0.3107081353664398,
      "mad_x": 0.003489196300506592,
      "mad_y": 0.00656852126121521
    },
    "bl": {
      "median_x": 0.3978084325790405,
      "median_y": 0.48795628547668457,
      "mad_x": 0.002180546522140503,
      "mad_y": 0.00909113883972168
    },
    "b": {
      "median_x": 0.48562371730804443,
      "median_y": 0.5328943729400635,
      "mad_x": 0.003843933343887329,
      "mad_y": 0.003048121929168701
    },
    "br": {
      "median_x": 0.5958284139633179,
      "median_y": 0.5159792900085449,
      "mad_x": 0.004410147666931152,
      "mad_y": 0.005221903324127197
    }
  },
  "openness_comp": {
    "ref": 0.31843898412175264,
    "beta_y": 0.9465748660536446
  },
  "filter": {
    "min_cutoff": 0.8,
    "beta": 0.02,
    "d_cutoff": 1.0
  },
  "range": {
    "gx_min": 0.33769187450408933,
    "gx_max": 0.6458955097198487,
    "gy_min": 0.15693721523112877,
    "gy_max": 0.5452919011014312
  },
  "ml": {
    "ready": false,
    "user_id": null,
    "model_file": null,
    "feature_order": [
      "gx",
      "gy",
      "yaw",
      "pitch",
      "roll",
      "tz"
    ],
    "alpha": null,
    "version": 1
  }
}