{
  "timestamp": "2026-03-24T18:20:36",
  "calib": {
    "tl": [
      0.4216153919696808,
      0.29854408428942436
    ],
    "t": [
      0.5066759586334229,
      0.2558591053289063
    ],
    "tr": [
      0.5752931237220764,
      0.2741918428175373
    ],
    "l": [
      0.4265163242816925,
      0.40925586530348357
    ],
    "center": [
      0.5030109286308289,
      0.40185177575418873
    ],
    "r": [
      0.559362530708313,
      0.3962114550116703
    ],
    "bl": [
      0.4211962819099426,
      0.5554418428175373
    ],
    "b": [
      0.507015585899353,
      0.5627938815652498
    ],
    "br": [
      0.5588909983634949,
      0.5168697332807346
    ]
  },
  "axis_flip": {
    "x": false,
    "y": false
  },
  "map_x": {
    "L": 0.4216153919696808,
    "C": 0.5066759586334229,
    "R": 0.559362530708313
  },
  "map_y": {
    "T": 0.2741918428175373,
    "C": 0.40185177575418873,
    "B": 0.5554418428175373
  },
  "quality": {
    "tl": {
      "median_x": 0.4216153919696808,
      "median_y": 0.32467401027679443,
      "mad_x": 0.0016983747482299805,
      "mad_y": 0.005943864583969116
    },
    "t": {
      "median_x": 0.5066759586334229,
      "median_y": 0.2875255048274994,
      "mad_x": 0.0010581016540527344,
      "mad_y": 0.003501385450363159
    },
    "tr": {
      "median_x": 0.5752931237220764,
      "median_y": 0.3034803867340088,
      "mad_x": 0.0014859437942504883,
      "mad_y": 0.003456413745880127
    },
    "l": {
      "median_x": 0.4265163242816925,
      "median_y": 0.4210258722305298,
      "mad_x": 0.0013911128044128418,
      "mad_y": 0.003518015146255493
    },
    "center": {
      "median_x": 0.5030109286308289,
      "median_y": 0.41458213329315186,
      "mad_x": 0.002451300621032715,
      "mad_y": 0.0044355690479278564
    },
    "r": {
      "median_x": 0.559362530708313,
      "median_y": 0.40967339277267456,
      "mad_x": 0.0018627047538757324,
      "mad_y": 0.003433406352996826
    },
    "bl": {
      "median_x": 0.4211962819099426,
      "median_y": 0.5482507348060608,
      "mad_x": 0.002137899398803711,
      "mad_y": 0.012609124183654785
    },
    "b": {
      "median_x": 0.507015585899353,
      "median_y": 0.5546491742134094,
      "mad_x": 0.0014184117317199707,
      "mad_y": 0.008899450302124023
    },
    "br": {
      "median_x": 0.5588909983634949,
      "median_y": 0.5146816372871399,
      "mad_x": 0.0012511610984802246,
      "mad_y": 0.008052647113800049
    }
  },
  "openness_comp": {
    "ref": 0.35403110801450655,
    "beta_y": -0.5134856402904315
  },
  "filter": {
    "min_cutoff": 0.8,
    "beta": 0.02,
    "d_cutoff": 1.0
  },
  "range": {
    "gx_min": 0.3911962819099426,
    "gx_max": 0.6052931237220764,
    "gy_min": 0.24419184281753728,
    "gy_max": 0.5854418428175373
  },
  "ml": {
    "ready": true,
    "user_id": "Lenovo",
    "model_file": "ml_model_Lenovo.npz",
    "feature_order": [
      "gx",
      "gy",
      "yaw",
      "pitch",
      "roll",
      "tz"
    ],
    "alpha": 0.5,
    "version": 1
  }
}