{
  "timestamp": "2026-03-21T22:50:42",
  "calib": {
    "tl": [
      0.40900149941444397,
      0.25236974183342326
    ],
    "t": [
      0.5310772657394409,
      0.2725054097587166
    ],
    "tr": [
      0.6285889148712158,
      0.22061376982274516
    ],
    "l": [
      0.4277656078338623,
      0.35914903932196857
    ],
    "center": [
      0.5270493626594543,
      0.42442314419306676
    ],
    "r": [
      0.5996758341789246,
      0.39015436428920963
    ],
    "bl": [
      0.4155998229980469,
      0.6167681087683772
    ],
    "b": [
      0.5127964615821838,
      0.5336197418334232
    ],
    "br": [
      0.5743626356124878,
      0.502798431576721
    ]
  },
  "axis_flip": {
    "x": false,
    "y": false
  },
  "map_x": {
    "L": 0.4155998229980469,
    "C": 0.5270493626594543,
    "R": 0.5996758341789246
  },
  "map_y": {
    "T": 0.25236974183342326,
    "C": 0.39015436428920963,
    "B": 0.5336197418334232
  },
  "quality": {
    "tl": {
      "median_x": 0.40900149941444397,
      "median_y": 0.3113047778606415,
      "mad_x": 0.0016294419765472412,
      "mad_y": 0.005101233720779419
    },
    "t": {
      "median_x": 0.5310772657394409,
      "median_y": 0.3266482353210449,
      "mad_x": 0.0030636191368103027,
      "mad_y": 0.0038784444332122803
    },
    "tr": {
      "median_x": 0.6285889148712158,
      "median_y": 0.28710660338401794,
      "mad_x": 0.0019982457160949707,
      "mad_y": 0.007142186164855957
    },
    "l": {
      "median_x": 0.4277656078338623,
      "median_y": 0.39267101883888245,
      "mad_x": 0.004164367914199829,
      "mad_y": 0.00535815954208374
    },
    "center": {
      "median_x": 0.5270493626594543,
      "median_y": 0.4424101412296295,
      "mad_x": 0.002732515335083008,
      "mad_y": 0.009415298700332642
    },
    "r": {
      "median_x": 0.5996758341789246,
      "median_y": 0.41629719734191895,
      "mad_x": 0.0014008879661560059,
      "mad_y": 0.00760236382484436
    },
    "bl": {
      "median_x": 0.4155998229980469,
      "median_y": 0.5889777541160583,
      "mad_x": 0.0034409165382385254,
      "mad_y": 0.005739748477935791
    },
    "b": {
      "median_x": 0.5127964615821838,
      "median_y": 0.5256183743476868,
      "mad_x": 0.005621969699859619,
      "mad_y": 0.009611785411834717
    },
    "br": {
      "median_x": 0.5743626356124878,
      "median_y": 0.5021324157714844,
      "mad_x": 0.001151740550994873,
      "mad_y": 0.0061830878257751465
    }
  },
  "openness_comp": {
    "ref": 0.32431814744335236,
    "beta_y": -0.6059805043918528
  },
  "filter": {
    "min_cutoff": 0.8,
    "beta": 0.02,
    "d_cutoff": 1.0
  },
  "range": {
    "gx_min": 0.37900149941444394,
    "gx_max": 0.6585889148712158,
    "gy_min": 0.19061376982274517,
    "gy_max": 0.6467681087683772
  },
  "ml": {
    "ready": true,
    "user_id": "Lenovo",
    "model_file": "ml_model_Lenovo.npz",
    "feature_order": [
      "gx",
      "gy",
      "yaw",
      "pitch",
      "roll",
      "tz"
    ],
    "alpha": 0.5,
    "version": 1
  }
}