{
  "timestamp": "2026-03-23T19:56:04",
  "calib": {
    "tl": [
      0.3802622854709625,
      0.31202704378179547
    ],
    "t": [
      0.4919961392879486,
      0.29163164558296184
    ],
    "tr": [
      0.6392112970352173,
      0.2690582252451337
    ],
    "l": [
      0.375215083360672,
      0.46909140527303206
    ],
    "center": [
      0.49453917145729065,
      0.48343927832421624
    ],
    "r": [
      0.642655611038208,
      0.48521968921063563
    ],
    "bl": [
      0.3884480893611908,
      0.542186198888178
    ],
    "b": [
      0.4836330711841583,
      0.5728816455829618
    ],
    "br": [
      0.5817030072212219,
      0.5982398002300087
    ]
  },
  "axis_flip": {
    "x": false,
    "y": false
  },
  "map_x": {
    "L": 0.3802622854709625,
    "C": 0.4919961392879486,
    "R": 0.6392112970352173
  },
  "map_y": {
    "T": 0.29163164558296184,
    "C": 0.48343927832421624,
    "B": 0.5728816455829618
  },
  "quality": {
    "tl": {
      "median_x": 0.3802622854709625,
      "median_y": 0.34220078587532043,
      "mad_x": 0.0027159452438354492,
      "mad_y": 0.00755426287651062
    },
    "t": {
      "median_x": 0.4919961392879486,
      "median_y": 0.3250792920589447,
      "mad_x": 0.0021008849143981934,
      "mad_y": 0.002696305513381958
    },
    "tr": {
      "median_x": 0.6392112970352173,
      "median_y": 0.3061293959617615,
      "mad_x": 0.0020698904991149902,
      "mad_y": 0.007828176021575928
    },
    "l": {
      "median_x": 0.375215083360672,
      "median_y": 0.47405290603637695,
      "mad_x": 0.0021736621856689453,
      "mad_y": 0.0051476359367370605
    },
    "center": {
      "median_x": 0.49453917145729065,
      "median_y": 0.48609763383865356,
      "mad_x": 0.0016918480396270752,
      "mad_y": 0.00924643874168396
    },
    "r": {
      "median_x": 0.642655611038208,
      "median_y": 0.48759225010871887,
      "mad_x": 0.0040836334228515625,
      "mad_y": 0.004604995250701904
    },
    "bl": {
      "median_x": 0.3884480893611908,
      "median_y": 0.5354143977165222,
      "mad_x": 0.001753479242324829,
      "mad_y": 0.00427401065826416
    },
    "b": {
      "median_x": 0.4836330711841583,
      "median_y": 0.5611825585365295,
      "mad_x": 0.0034016668796539307,
      "mad_y": 0.00518721342086792
    },
    "br": {
      "median_x": 0.5817030072212219,
      "median_y": 0.582470178604126,
      "mad_x": 0.0033839941024780273,
      "mad_y": 0.009990870952606201
    }
  },
  "openness_comp": {
    "ref": 0.3307097086163353,
    "beta_y": -1.4199966105944635
  },
  "filter": {
    "min_cutoff": 0.8,
    "beta": 0.02,
    "d_cutoff": 1.0
  },
  "range": {
    "gx_min": 0.3502622854709625,
    "gx_max": 0.6692112970352173,
    "gy_min": 0.23905822524513368,
    "gy_max": 0.6282398002300087
  },
  "ml": {
    "ready": true,
    "user_id": "Lenovo",
    "model_file": "ml_model_Lenovo.npz",
    "feature_order": [
      "gx",
      "gy",
      "yaw",
      "pitch",
      "roll",
      "tz"
    ],
    "alpha": 0.5,
    "version": 1
  }
}