{
  "timestamp": "2026-03-25T18:26:13",
  "calib": {
    "tl": [
      0.4200155436992645,
      0.23956128596696652
    ],
    "t": [
      0.49645909667015076,
      0.19928243350672642
    ],
    "tr": [
      0.5722300410270691,
      0.18937826384433232
    ],
    "l": [
      0.4281691014766693,
      0.33036579422431667
    ],
    "center": [
      0.49250873923301697,
      0.28256188368457
    ],
    "r": [
      0.5498610734939575,
      0.325735301227957
    ],
    "bl": [
      0.43266165256500244,
      0.47665567733750713
    ],
    "b": [
      0.49483636021614075,
      0.4805324335067264
    ],
    "br": [
      0.5600653886795044,
      0.48539052191142057
    ]
  },
  "axis_flip": {
    "x": false,
    "y": false
  },
  "map_x": {
    "L": 0.4281691014766693,
    "C": 0.49483636021614075,
    "R": 0.5600653886795044
  },
  "map_y": {
    "T": 0.19928243350672642,
    "C": 0.325735301227957,
    "B": 0.4805324335067264
  },
  "quality": {
    "tl": {
      "median_x": 0.4200155436992645,
      "median_y": 0.33732885122299194,
      "mad_x": 0.0015006065368652344,
      "mad_y": 0.004650980234146118
    },
    "t": {
      "median_x": 0.49645909667015076,
      "median_y": 0.31217050552368164,
      "mad_x": 0.0010000765323638916,
      "mad_y": 0.0034147799015045166
    },
    "tr": {
      "median_x": 0.5722300410270691,
      "median_y": 0.3059843182563782,
      "mad_x": 0.003593921661376953,
      "mad_y": 0.0017979443073272705
    },
    "l": {
      "median_x": 0.4281691014766693,
      "median_y": 0.39404574036598206,
      "mad_x": 0.0014882683753967285,
      "mad_y": 0.0034979581832885742
    },
    "center": {
      "median_x": 0.49250873923301697,
      "median_y": 0.36418721079826355,
      "mad_x": 0.0021169185638427734,
      "mad_y": 0.004382133483886719
    },
    "r": {
      "median_x": 0.5498610734939575,
      "median_y": 0.3911535143852234,
      "mad_x": 0.001891016960144043,
      "mad_y": 0.0037044286727905273
    },
    "bl": {
      "median_x": 0.43266165256500244,
      "median_y": 0.48541903495788574,
      "mad_x": 0.0014215409755706787,
      "mad_y": 0.0032866299152374268
    },
    "b": {
      "median_x": 0.49483636021614075,
      "median_y": 0.487840473651886,
      "mad_x": 0.0014866888523101807,
      "mad_y": 0.006132185459136963
    },
    "br": {
      "median_x": 0.5600653886795044,
      "median_y": 0.49087485671043396,
      "mad_x": 0.0034273862838745117,
      "mad_y": 0.004659593105316162
    }
  },
  "openness_comp": {
    "ref": 0.41068414211698273,
    "beta_y": 0.02722170623794528
  },
  "filter": {
    "min_cutoff": 0.8,
    "beta": 0.02,
    "d_cutoff": 1.0
  },
  "range": {
    "gx_min": 0.3900155436992645,
    "gx_max": 0.6022300410270691,
    "gy_min": 0.15937826384433232,
    "gy_max": 0.5153905219114205
  },
  "ml": {
    "ready": true,
    "user_id": "Lenovo",
    "model_file": "ml_model_Lenovo.npz",
    "feature_order": [
      "gx",
      "gy",
      "yaw",
      "pitch",
      "roll",
      "tz"
    ],
    "alpha": 0.5,
    "version": 1
  }
}