{
  "timestamp": "2026-03-21T14:41:52",
  "calib": {
    "tl": [
      0.4264071583747864,
      0.21459095301289188
    ],
    "t": [
      0.49200621247291565,
      0.22367551452702644
    ],
    "tr": [
      0.5829311609268188,
      0.09417592635001837
    ],
    "l": [
      0.40116235613822937,
      0.25716210599684164
    ],
    "center": [
      0.48476535081863403,
      0.3083118764045365
    ],
    "r": [
      0.5753095149993896,
      0.23579057675553367
    ],
    "bl": [
      0.4112726151943207,
      0.40449061533185804
    ],
    "b": [
      0.4889398217201233,
      0.4958409530128919
    ],
    "br": [
      0.571800947189331,
      0.5380487501882916
    ]
  },
  "axis_flip": {
    "x": false,
    "y": false
  },
  "map_x": {
    "L": 0.4112726151943207,
    "C": 0.4889398217201233,
    "R": 0.5753095149993896
  },
  "map_y": {
    "T": 0.21459095301289188,
    "C": 0.25716210599684164,
    "B": 0.4958409530128919
  },
  "quality": {
    "tl": {
      "median_x": 0.4264071583747864,
      "median_y": 0.3468104898929596,
      "mad_x": 0.0010851621627807617,
      "mad_y": 0.0057239830493927
    },
    "t": {
      "median_x": 0.49200621247291565,
      "median_y": 0.3516865074634552,
      "mad_x": 0.003056138753890991,
      "mad_y": 0.0040805041790008545
    },
    "tr": {
      "median_x": 0.5829311609268188,
      "median_y": 0.2821793258190155,
      "mad_x": 0.0021240711212158203,
      "mad_y": 0.004181891679763794
    },
    "l": {
      "median_x": 0.40116235613822937,
      "median_y": 0.36965999007225037,
      "mad_x": 0.0012023448944091797,
      "mad_y": 0.004286378622055054
    },
    "center": {
      "median_x": 0.48476535081863403,
      "median_y": 0.39711394906044006,
      "mad_x": 0.00114518404006958,
      "mad_y": 0.008132457733154297
    },
    "r": {
      "median_x": 0.5753095149993896,
      "median_y": 0.35818910598754883,
      "mad_x": 0.0026243925094604492,
      "mad_y": 0.006446421146392822
    },
    "bl": {
      "median_x": 0.4112726151943207,
      "median_y": 0.44873660802841187,
      "mad_x": 0.0017609596252441406,
      "mad_y": 0.009067952632904053
    },
    "b": {
      "median_x": 0.4889398217201233,
      "median_y": 0.49776768684387207,
      "mad_x": 0.0016546845436096191,
      "mad_y": 0.0073010921478271484
    },
    "br": {
      "median_x": 0.571800947189331,
      "median_y": 0.5204221606254578,
      "mad_x": 0.0025241971015930176,
      "mad_y": 0.007921278476715088
    }
  },
  "openness_comp": {
    "ref": 0.3835899709534757,
    "beta_y": -1.2532278810915307
  },
  "filter": {
    "min_cutoff": 0.8,
    "beta": 0.02,
    "d_cutoff": 1.0
  },
  "range": {
    "gx_min": 0.38127261519432065,
    "gx_max": 0.6129311609268189,
    "gy_min": 0.06417592635001837,
    "gy_max": 0.5680487501882916
  },
  "ml": {
    "ready": true,
    "user_id": "Lenovo",
    "model_file": "ml_model_Lenovo.npz",
    "feature_order": [
      "gx",
      "gy",
      "yaw",
      "pitch",
      "roll",
      "tz"
    ],
    "alpha": 0.5,
    "version": 1
  }
}