{
  "timestamp": "2026-03-21T22:24:03",
  "calib": {
    "tl": [
      0.43199530243873596,
      0.24716768460364774
    ],
    "t": [
      0.5274305939674377,
      0.2738182214600632
    ],
    "tr": [
      0.6310761570930481,
      0.2274754067866901
    ],
    "l": [
      0.43235498666763306,
      0.391235256269516
    ],
    "center": [
      0.5161612629890442,
      0.3700228647718402
    ],
    "r": [
      0.6093776822090149,
      0.32861480593774395
    ],
    "bl": [
      0.4303433895111084,
      0.5056039204989
    ],
    "b": [
      0.5051084756851196,
      0.5284176846036477
    ],
    "br": [
      0.5815266966819763,
      0.5629257344005039
    ]
  },
  "axis_flip": {
    "x": false,
    "y": false
  },
  "map_x": {
    "L": 0.43199530243873596,
    "C": 0.5161612629890442,
    "R": 0.6093776822090149
  },
  "map_y": {
    "T": 0.24716768460364774,
    "C": 0.3700228647718402,
    "B": 0.5284176846036477
  },
  "quality": {
    "tl": {
      "median_x": 0.43199530243873596,
      "median_y": 0.28255248069763184,
      "mad_x": 0.0009519755840301514,
      "mad_y": 0.003984719514846802
    },
    "t": {
      "median_x": 0.5274305939674377,
      "median_y": 0.3054731786251068,
      "mad_x": 0.002001047134399414,
      "mad_y": 0.003548741340637207
    },
    "tr": {
      "median_x": 0.6310761570930481,
      "median_y": 0.26561620831489563,
      "mad_x": 0.0019113421440124512,
      "mad_y": 0.003407984972000122
    },
    "l": {
      "median_x": 0.43235498666763306,
      "median_y": 0.4064572751522064,
      "mad_x": 0.0036226212978363037,
      "mad_y": 0.01115107536315918
    },
    "center": {
      "median_x": 0.5161612629890442,
      "median_y": 0.3882136344909668,
      "mad_x": 0.0015659928321838379,
      "mad_y": 0.005309700965881348
    },
    "r": {
      "median_x": 0.6093776822090149,
      "median_y": 0.3526007831096649,
      "mad_x": 0.0018888115882873535,
      "mad_y": 0.0056636035442352295
    },
    "bl": {
      "median_x": 0.4303433895111084,
      "median_y": 0.5048196315765381,
      "mad_x": 0.0018398761749267578,
      "mad_y": 0.0034074783325195312
    },
    "b": {
      "median_x": 0.5051084756851196,
      "median_y": 0.5244405269622803,
      "mad_x": 0.0026244521141052246,
      "mad_y": 0.010282516479492188
    },
    "br": {
      "median_x": 0.5815266966819763,
      "median_y": 0.5541190505027771,
      "mad_x": 0.0015723109245300293,
      "mad_y": 0.006811738014221191
    }
  },
  "openness_comp": {
    "ref": 0.38020401743322774,
    "beta_y": 0.9492659027319571
  },
  "filter": {
    "min_cutoff": 0.8,
    "beta": 0.02,
    "d_cutoff": 1.0
  },
  "range": {
    "gx_min": 0.40034338951110837,
    "gx_max": 0.6610761570930481,
    "gy_min": 0.1974754067866901,
    "gy_max": 0.5929257344005039
  },
  "ml": {
    "ready": true,
    "user_id": "Lenovo",
    "model_file": "ml_model_Lenovo.npz",
    "feature_order": [
      "gx",
      "gy",
      "yaw",
      "pitch",
      "roll",
      "tz"
    ],
    "alpha": 0.5,
    "version": 1
  }
}