{
  "timestamp": "2026-03-22T23:39:12",
  "calib": {
    "tl": [
      0.41331297159194946,
      0.32325624254545776
    ],
    "t": [
      0.4933710992336273,
      0.2916165778025781
    ],
    "tr": [
      0.5932099223136902,
      0.26036974239471783
    ],
    "l": [
      0.3881322741508484,
      0.4765013916876082
    ],
    "center": [
      0.4860720932483673,
      0.46703119510635105
    ],
    "r": [
      0.5892685055732727,
      0.47005148718881484
    ],
    "bl": [
      0.4126090109348297,
      0.6310222226592677
    ],
    "b": [
      0.48525357246398926,
      0.5728665778025781
    ],
    "br": [
      0.5636867880821228,
      0.5611451193850592
    ]
  },
  "axis_flip": {
    "x": false,
    "y": false
  },
  "map_x": {
    "L": 0.4126090109348297,
    "C": 0.4860720932483673,
    "R": 0.5892685055732727
  },
  "map_y": {
    "T": 0.2916165778025781,
    "C": 0.47005148718881484,
    "B": 0.5728665778025781
  },
  "quality": {
    "tl": {
      "median_x": 0.41331297159194946,
      "median_y": 0.34668365120887756,
      "mad_x": 0.0023645758628845215,
      "mad_y": 0.004299640655517578
    },
    "t": {
      "median_x": 0.4933710992336273,
      "median_y": 0.3192378282546997,
      "mad_x": 0.0012716352939605713,
      "mad_y": 0.0035780370235443115
    },
    "tr": {
      "median_x": 0.5932099223136902,
      "median_y": 0.29213276505470276,
      "mad_x": 0.0014494061470031738,
      "mad_y": 0.00556674599647522
    },
    "l": {
      "median_x": 0.3881322741508484,
      "median_y": 0.4796161353588104,
      "mad_x": 0.0018372833728790283,
      "mad_y": 0.006208509206771851
    },
    "center": {
      "median_x": 0.4860720932483673,
      "median_y": 0.4714012145996094,
      "mad_x": 0.0013113915920257568,
      "mad_y": 0.004986077547073364
    },
    "r": {
      "median_x": 0.5892685055732727,
      "median_y": 0.47402116656303406,
      "mad_x": 0.0016967058181762695,
      "mad_y": 0.007755696773529053
    },
    "bl": {
      "median_x": 0.4126090109348297,
      "median_y": 0.6136552095413208,
      "mad_x": 0.001942455768585205,
      "mad_y": 0.007243692874908447
    },
    "b": {
      "median_x": 0.48525357246398926,
      "median_y": 0.5632081031799316,
      "mad_x": 0.0015509426593780518,
      "mad_y": 0.0053899288177490234
    },
    "br": {
      "median_x": 0.5636867880821228,
      "median_y": 0.5530403256416321,
      "mad_x": 0.0024722814559936523,
      "mad_y": 0.0028711557388305664
    }
  },
  "openness_comp": {
    "ref": 0.24469932819556153,
    "beta_y": -0.8768905487636345
  },
  "filter": {
    "min_cutoff": 0.8,
    "beta": 0.02,
    "d_cutoff": 1.0
  },
  "range": {
    "gx_min": 0.3826090109348297,
    "gx_max": 0.6232099223136902,
    "gy_min": 0.23036974239471783,
    "gy_max": 0.6610222226592677
  },
  "ml": {
    "ready": true,
    "user_id": "Lenovo",
    "model_file": "ml_model_Lenovo.npz",
    "feature_order": [
      "gx",
      "gy",
      "yaw",
      "pitch",
      "roll",
      "tz"
    ],
    "alpha": 0.5,
    "version": 1
  }
}