{
  "timestamp": "2026-03-22T13:23:37",
  "calib": {
    "tl": [
      0.42853450775146484,
      0.3589957156880807
    ],
    "t": [
      0.5050690174102783,
      0.3354948677018492
    ],
    "tr": [
      0.600056529045105,
      0.2744817513387834
    ],
    "l": [
      0.4363405108451843,
      0.4120813339732776
    ],
    "center": [
      0.5053024291992188,
      0.4134302731022519
    ],
    "r": [
      0.5865672826766968,
      0.3838415197153072
    ],
    "bl": [
      0.43072327971458435,
      0.6055002609427306
    ],
    "b": [
      0.5003072023391724,
      0.6201604005834285
    ],
    "br": [
      0.5757275223731995,
      0.6167448677018492
    ]
  },
  "axis_flip": {
    "x": false,
    "y": false
  },
  "map_x": {
    "L": 0.43072327971458435,
    "C": 0.5050690174102783,
    "R": 0.5865672826766968
  },
  "map_y": {
    "T": 0.3354948677018492,
    "C": 0.4120813339732776,
    "B": 0.6167448677018492
  },
  "quality": {
    "tl": {
      "median_x": 0.42853450775146484,
      "median_y": 0.37972721457481384,
      "mad_x": 0.003844231367111206,
      "mad_y": 0.006255656480789185
    },
    "t": {
      "median_x": 0.5050690174102783,
      "median_y": 0.359681636095047,
      "mad_x": 0.0018646717071533203,
      "mad_y": 0.002797931432723999
    },
    "tr": {
      "median_x": 0.600056529045105,
      "median_y": 0.30763912200927734,
      "mad_x": 0.0019693374633789062,
      "mad_y": 0.005234807729721069
    },
    "l": {
      "median_x": 0.4363405108451843,
      "median_y": 0.42500779032707214,
      "mad_x": 0.0012146234512329102,
      "mad_y": 0.003386855125427246
    },
    "center": {
      "median_x": 0.5053024291992188,
      "median_y": 0.4261583983898163,
      "mad_x": 0.0011000633239746094,
      "mad_y": 0.006515949964523315
    },
    "r": {
      "median_x": 0.5865672826766968,
      "median_y": 0.40092000365257263,
      "mad_x": 0.0010724663734436035,
      "mad_y": 0.004868894815444946
    },
    "bl": {
      "median_x": 0.43072327971458435,
      "median_y": 0.5899888277053833,
      "mad_x": 0.0013614892959594727,
      "mad_y": 0.006585478782653809
    },
    "b": {
      "median_x": 0.5003072023391724,
      "median_y": 0.6024935245513916,
      "mad_x": 0.0026327967643737793,
      "mad_y": 0.007024586200714111
    },
    "br": {
      "median_x": 0.5757275223731995,
      "median_y": 0.5995801687240601,
      "mad_x": 0.0012330412864685059,
      "mad_y": 0.002999424934387207
    }
  },
  "openness_comp": {
    "ref": 0.38405339338418215,
    "beta_y": -1.333665054683072
  },
  "filter": {
    "min_cutoff": 0.8,
    "beta": 0.02,
    "d_cutoff": 1.0
  },
  "range": {
    "gx_min": 0.3985345077514648,
    "gx_max": 0.630056529045105,
    "gy_min": 0.2444817513387834,
    "gy_max": 0.6467448677018492
  },
  "ml": {
    "ready": true,
    "user_id": "Lenovo",
    "model_file": "ml_model_Lenovo.npz",
    "feature_order": [
      "gx",
      "gy",
      "yaw",
      "pitch",
      "roll",
      "tz"
    ],
    "alpha": 0.5,
    "version": 1
  }
}