{
  "timestamp": "2026-03-21T15:14:06",
  "calib": {
    "tl": [
      0.4025803804397583,
      0.31603528349894383
    ],
    "t": [
      0.49930062890052795,
      0.3453251901245932
    ],
    "tr": [
      0.5993139743804932,
      0.21837998161170075
    ],
    "l": [
      0.40608131885528564,
      0.3802954692489888
    ],
    "center": [
      0.4980698525905609,
      0.3989173671733037
    ],
    "r": [
      0.5919533371925354,
      0.36713482292306654
    ],
    "bl": [
      0.3979552686214447,
      0.5745830881921935
    ],
    "b": [
      0.4948112368583679,
      0.5972852834989438
    ],
    "br": [
      0.5828601121902466,
      0.5980264600461553
    ]
  },
  "axis_flip": {
    "x": false,
    "y": false
  },
  "map_x": {
    "L": 0.4025803804397583,
    "C": 0.4980698525905609,
    "R": 0.5919533371925354
  },
  "map_y": {
    "T": 0.31603528349894383,
    "C": 0.3802954692489888,
    "B": 0.5972852834989438
  },
  "quality": {
    "tl": {
      "median_x": 0.4025803804397583,
      "median_y": 0.3653131425380707,
      "mad_x": 0.004532217979431152,
      "mad_y": 0.005719691514968872
    },
    "t": {
      "median_x": 0.49930062890052795,
      "median_y": 0.3867572844028473,
      "mad_x": 0.0017940700054168701,
      "mad_y": 0.00453224778175354
    },
    "tr": {
      "median_x": 0.5993139743804932,
      "median_y": 0.29381635785102844,
      "mad_x": 0.002115488052368164,
      "mad_y": 0.0034471750259399414
    },
    "l": {
      "median_x": 0.40608131885528564,
      "median_y": 0.41236022114753723,
      "mad_x": 0.002474963665008545,
      "mad_y": 0.00430065393447876
    },
    "center": {
      "median_x": 0.4980698525905609,
      "median_y": 0.425993949174881,
      "mad_x": 0.0009123682975769043,
      "mad_y": 0.004297852516174316
    },
    "r": {
      "median_x": 0.5919533371925354,
      "median_y": 0.40272486209869385,
      "mad_x": 0.0023849010467529297,
      "mad_y": 0.005392789840698242
    },
    "bl": {
      "median_x": 0.3979552686214447,
      "median_y": 0.5546048283576965,
      "mad_x": 0.0019372105598449707,
      "mad_y": 0.014425575733184814
    },
    "b": {
      "median_x": 0.4948112368583679,
      "median_y": 0.5712258815765381,
      "mad_x": 0.0018258094787597656,
      "mad_y": 0.006430864334106445
    },
    "br": {
      "median_x": 0.5828601121902466,
      "median_y": 0.5717685222625732,
      "mad_x": 0.00242006778717041,
      "mad_y": 0.005477547645568848
    }
  },
  "openness_comp": {
    "ref": 0.3921186632597343,
    "beta_y": -0.35240148473940575
  },
  "filter": {
    "min_cutoff": 0.8,
    "beta": 0.02,
    "d_cutoff": 1.0
  },
  "range": {
    "gx_min": 0.3679552686214447,
    "gx_max": 0.6293139743804932,
    "gy_min": 0.18837998161170075,
    "gy_max": 0.6280264600461554
  },
  "ml": {
    "ready": true,
    "user_id": "Lenovo",
    "model_file": "ml_model_Lenovo.npz",
    "feature_order": [
      "gx",
      "gy",
      "yaw",
      "pitch",
      "roll",
      "tz"
    ],
    "alpha": 0.5,
    "version": 1
  }
}